id,name,description,priority,status,estimated_duration,required_capabilities,assigned_worker,created_at,started_at,completed_at,progress,subtasks,dependencies,metadata,implementation_notes,last_updated
todo_001,Syntax Errors,Fix all 54 files with parsing issues,high,completed,1-2 hours,"[""python_development"", ""code_quality"", ""general_implementation"", ""python_development"", ""error_handling""]",code_quality_worker,2025-08-23T08:53:42.313965,2025-08-23T08:53:42.357708,2025-08-23T08:53:42.361851,100.0,[],[],"{""type"": ""new_todo"", ""source"": ""manual_add"", ""created_by"": ""system""}","[{""timestamp"": ""2025-08-23T08:53:42.360305"", ""worker_id"": ""code_quality_worker"", ""progress"": ""0.0% -> 50.0%"", ""notes"": ""Halfway done""}, {""timestamp"": ""2025-08-23T08:53:42.361843"", ""worker_id"": ""code_quality_worker"", ""progress"": ""50.0% -> 100.0%"", ""notes"": ""Task completed successfully""}]",2025-08-23T08:53:42.361840
todo_002,Black Formatting,Achieve 100% formatting compliance,high,pending,2-4 hours,"[""python_development"", ""code_quality"", ""general_implementation""]",,2025-08-23T08:53:42.319882,,,0.0,[],[],"{""type"": ""new_todo"", ""source"": ""manual_add"", ""created_by"": ""system""}",[],2025-08-23T08:53:42.319886
todo_003,Import Cleanup,Remove all unused imports,high,pending,2-4 hours,"[""python_development"", ""code_quality"", ""general_implementation""]",,2025-08-23T08:53:42.321640,,,0.0,[],[],"{""type"": ""new_todo"", ""source"": ""manual_add"", ""created_by"": ""system""}",[],2025-08-23T08:53:42.321643
todo_004,Pylint Score,Reach target score of ≥7.0/10,high,pending,2-4 hours,"[""python_development"", ""code_quality"", ""general_implementation""]",,2025-08-23T08:53:42.323434,,,0.0,[],[],"{""type"": ""new_todo"", ""source"": ""manual_add"", ""created_by"": ""system""}",[],2025-08-23T08:53:42.323437
todo_005,Documentation,Add missing docstrings and type hints,high,pending,3-5 hours,"[""documentation"", ""technical_writing""]",,2025-08-23T08:53:42.325560,,,0.0,[],[],"{""type"": ""new_todo"", ""source"": ""manual_add"", ""created_by"": ""system""}",[],2025-08-23T08:53:42.325564
todo_006,Error Handling,Improve exception handling patterns,high,pending,3-5 hours,"[""python_development"", ""error_handling""]",,2025-08-23T08:53:42.327404,,,0.0,[],[],"{""type"": ""new_todo"", ""source"": ""manual_add"", ""created_by"": ""system""}",[],2025-08-23T08:53:42.327407
todo_007,Performance,< 100ms API response time,normal,pending,4-6 hours,"[""performance"", ""optimization""]",,2025-08-23T08:53:42.329042,,,0.0,[],[],"{""type"": ""new_todo"", ""source"": ""manual_add"", ""created_by"": ""system""}",[],2025-08-23T08:53:42.329045
todo_008,Scalability,"Handle 10,000+ concurrent users",normal,pending,2-4 hours,"[""python_development"", ""general_implementation""]",,2025-08-23T08:53:42.330470,,,0.0,[],[],"{""type"": ""new_todo"", ""source"": ""manual_add"", ""created_by"": ""system""}",[],2025-08-23T08:53:42.330472
todo_009,Reliability,99.9% uptime,normal,pending,2-4 hours,"[""python_development"", ""general_implementation""]",,2025-08-23T08:53:42.334430,,,0.0,[],[],"{""type"": ""new_todo"", ""source"": ""manual_add"", ""created_by"": ""system""}",[],2025-08-23T08:53:42.334433
todo_010,Security,Zero critical vulnerabilities,high,pending,2-4 hours,"[""security"", ""authentication"", ""encryption""]",,2025-08-23T08:53:42.336435,,,0.0,[],[],"{""type"": ""new_todo"", ""source"": ""manual_add"", ""created_by"": ""system""}",[],2025-08-23T08:53:42.336439
todo_011,MCP System,100% overlap prevention success rate,normal,pending,2-4 hours,"[""python_development"", ""general_implementation""]",,2025-08-23T08:53:42.337902,,,0.0,[],[],"{""type"": ""new_todo"", ""source"": ""manual_add"", ""created_by"": ""system""}",[],2025-08-23T08:53:42.337905
todo_012,Accuracy,> 95% fraud detection rate,normal,pending,2-4 hours,"[""python_development"", ""general_implementation""]",,2025-08-23T08:53:42.339371,,,0.0,[],[],"{""type"": ""new_todo"", ""source"": ""manual_add"", ""created_by"": ""system""}",[],2025-08-23T08:53:42.339373
todo_013,Efficiency,10x faster investigation time,normal,pending,2-4 hours,"[""python_development"", ""general_implementation""]",,2025-08-23T08:53:42.340899,,,0.0,[],[],"{""type"": ""new_todo"", ""source"": ""manual_add"", ""created_by"": ""system""}",[],2025-08-23T08:53:42.340902
todo_014,Compliance,100% regulatory compliance,normal,pending,2-4 hours,"[""python_development"", ""general_implementation""]",,2025-08-23T08:53:42.342489,,,0.0,[],[],"{""type"": ""new_todo"", ""source"": ""manual_add"", ""created_by"": ""system""}",[],2025-08-23T08:53:42.342492
todo_015,User Satisfaction,> 90% user satisfaction score,normal,pending,2-4 hours,"[""python_development"", ""general_implementation""]",,2025-08-23T08:53:42.343812,,,0.0,[],[],"{""type"": ""new_todo"", ""source"": ""manual_add"", ""created_by"": ""system""}",[],2025-08-23T08:53:42.343814
todo_016,Development Efficiency,Zero duplicate implementations,normal,pending,2-4 hours,"[""python_development"", ""general_implementation""]",,2025-08-23T08:53:42.345354,,,0.0,[],[],"{""type"": ""new_todo"", ""source"": ""manual_add"", ""created_by"": ""system""}",[],2025-08-23T08:53:42.345356
